213.57.116.94 - - [26/Apr/2020:05:10:44 -0500]  200 "GET /corona/js/main.js HTTP/1.1" 983 "-- https://makeyoufamous.me/corona/?clickid=@@CLICK-ID@@" "Mozilla/5.0 (X11; Ubuntu; Linux x86_64; rv:75.0) Gecko/20100101 Firefox/75.0" "-" "makeyoufamous.me" "0.000"
38.123.43.140 - - [26/Apr/2020:06:48:23 -0500]  200 "GET /corona/js/main.js HTTP/1.1" 983 "-- https://makeyoufamous.me/corona/?clickid=123456789123456789123&date=2020-04-26_11:48:16" "Mozilla/5.0 (Unknown; Linux x86_64) AppleWebKit/538.1 (KHTML, like Gecko) PhantomJS/2.1.1 Safari/538.1" "-" "makeyoufamous.me" "0.000"
213.57.116.94 - - [26/Apr/2020:06:48:47 -0500]  200 "GET /corona/js/main.js HTTP/1.1" 983 "-- https://makeyoufamous.me/corona/?clickid=@@CLICK-ID@@" "Mozilla/5.0 (Windows NT 10.0; Win64; x64) AppleWebKit/537.36 (KHTML, like Gecko) Chrome/81.0.4044.122 Safari/537.36" "-" "makeyoufamous.me" "0.000"
70.122.164.213 - - [26/Apr/2020:08:04:25 -0500]  200 "GET /corona/js/main.js HTTP/1.1" 983 "-- https://makeyoufamous.me/corona/?clickid=80157450398" "Mozilla/5.0 (iPhone; CPU iPhone OS 13_3_1 like Mac OS X) AppleWebKit/605.1.15 (KHTML, like Gecko) Version/13.0.5 Mobile/15E148 Safari/604.1" "-" "makeyoufamous.me" "0.000"
74.90.206.26 - - [26/Apr/2020:08:06:07 -0500]  200 "GET /corona/js/main.js HTTP/1.1" 983 "-- https://makeyoufamous.me/corona/?clickid=80157461042" "Mozilla/5.0 (X11; Ubuntu; Linux x86_64; rv:75.0) Gecko/20100101 Firefox/75.0" "-" "makeyoufamous.me" "0.000"
162.247.73.192 - - [26/Apr/2020:08:08:06 -0500]  200 "GET /corona/js/main.js HTTP/1.1" 983 "-- https://makeyoufamous.me/corona/?clickid=80157493226" "Mozilla/5.0 (Windows NT 10.0; rv:68.0) Gecko/20100101 Firefox/68.0" "-" "makeyoufamous.me" "0.000"
97.94.167.243 - - [26/Apr/2020:08:09:41 -0500]  200 "GET /corona/js/main.js HTTP/1.1" 983 "-- https://makeyoufamous.me/corona/?clickid=80157449302" "Mozilla/5.0 (iPhone; CPU iPhone OS 13_4 like Mac OS X) AppleWebKit/605.1.15 (KHTML, like Gecko) Version/13.1 Mobile/15E148 Safari/604.1" "-" "makeyoufamous.me" "0.000"
193.36.224.80 - - [26/Apr/2020:08:10:42 -0500]  200 "GET /corona/js/main.js HTTP/1.1" 983 "-- https://makeyoufamous.me/corona/?clickid=80157473108" "Mozilla/5.0 (Linux; Android 8.1.0; SAMSUNG SM-J710MN) AppleWebKit/537.36 (KHTML, like Gecko) SamsungBrowser/11.1 Chrome/75.0.3770.143 Mobile Safari/537.36" "-" "makeyoufamous.me" "0.000"
73.95.138.237 - - [26/Apr/2020:08:11:04 -0500]  200 "GET /corona/js/main.js HTTP/1.1" 983 "-- https://makeyoufamous.me/corona/?clickid=80157541459" "Mozilla/5.0 (iPhone; CPU iPhone OS 13_4_1 like Mac OS X) AppleWebKit/605.1.15 (KHTML, like Gecko) Version/13.1 Mobile/15E148 Safari/604.1" "-" "makeyoufamous.me" "0.000"
108.21.105.114 - - [26/Apr/2020:08:13:02 -0500]  200 "GET /corona/js/main.js HTTP/1.1" 983 "-- https://makeyoufamous.me/corona/?clickid=80157517552" "Mozilla/5.0 (Windows NT 10.0; Win64; x64; rv:75.0) Gecko/20100101 Firefox/75.0" "-" "makeyoufamous.me" "0.000"
91.188.246.207 - - [26/Apr/2020:08:13:27 -0500]  200 "GET /corona/js/main.js HTTP/1.1" 983 "-- https://makeyoufamous.me/corona/?clickid=80157474715" "Mozilla/5.0 (Windows NT 10.0; Win64; x64) AppleWebKit/537.36 (KHTML, like Gecko) Chrome/70.0.3538.102 Safari/537.36 Edge/18.18363" "-" "makeyoufamous.me" "0.000"
76.123.147.141 - - [26/Apr/2020:08:16:33 -0500]  200 "GET /corona/js/main.js HTTP/1.1" 983 "-- https://makeyoufamous.me/corona/?clickid=80157585877" "Mozilla/5.0 (iPhone; CPU iPhone OS 13_3 like Mac OS X) AppleWebKit/605.1.15 (KHTML, like Gecko) Version/13.0.4 Mobile/15E148 Safari/604.1" "-" "makeyoufamous.me" "0.000"
67.44.240.60 - - [26/Apr/2020:08:17:03 -0500]  200 "GET /corona/js/main.js HTTP/1.1" 983 "-- https://makeyoufamous.me/corona/?clickid=80157467302" "Mozilla/5.0 (Macintosh; Intel Mac OS X 10_13_6) AppleWebKit/605.1.15 (KHTML, like Gecko) Version/13.1 Safari/605.1.15" "-" "makeyoufamous.me" "0.000"
73.26.175.100 - - [26/Apr/2020:08:17:21 -0500]  200 "GET /corona/js/main.js HTTP/1.1" 983 "-- https://makeyoufamous.me/corona/?clickid=80157631059" "Mozilla/5.0 (iPhone; CPU iPhone OS 13_3 like Mac OS X) AppleWebKit/605.1.15 (KHTML, like Gecko) Version/13.0.4 Mobile/15E148 Safari/604.1" "-" "makeyoufamous.me" "0.000"
51.81.253.198 - - [26/Apr/2020:08:19:19 -0500]  200 "GET /corona/js/main.js HTTP/1.1" 983 "-- https://makeyoufamous.me/corona/?clickid=80157599474" "Mozilla/5.0 (Windows NT 10.0; rv:68.0) Gecko/20100101 Firefox/68.0" "-" "makeyoufamous.me" "0.000"
24.254.72.2 - - [26/Apr/2020:08:19:37 -0500]  200 "GET /corona/js/main.js HTTP/1.1" 983 "-- https://makeyoufamous.me/corona/?clickid=80157478372" "Mozilla/5.0 (Windows NT 10.0; Win64; x64) AppleWebKit/537.36 (KHTML, like Gecko) Chrome/81.0.4044.122 Safari/537.36" "-" "makeyoufamous.me" "0.000"
96.58.222.113 - - [26/Apr/2020:08:19:58 -0500]  200 "GET /corona/js/main.js HTTP/1.1" 983 "-- https://makeyoufamous.me/corona/?clickid=80157680567" "Mozilla/5.0 (Windows NT 10.0; Win64; x64) AppleWebKit/537.36 (KHTML, like Gecko) Chrome/70.0.3538.102 Safari/537.36 Edge/18.18363" "-" "makeyoufamous.me" "0.000"
73.62.246.173 - - [26/Apr/2020:08:20:33 -0500]  200 "GET /corona/js/main.js HTTP/1.1" 983 "-- https://makeyoufamous.me/corona/?clickid=80157662738" "Mozilla/5.0 (iPhone; CPU iPhone OS 13_4_1 like Mac OS X) AppleWebKit/605.1.15 (KHTML, like Gecko) Version/13.1 Mobile/15E148 Safari/604.1" "-" "makeyoufamous.me" "0.000"
98.194.13.238 - - [26/Apr/2020:08:20:44 -0500]  200 "GET /corona/js/main.js HTTP/1.1" 983 "-- https://makeyoufamous.me/corona/?clickid=80157469512" "Mozilla/5.0 (Macintosh; Intel Mac OS X 10_15_3) AppleWebKit/605.1.15 (KHTML, like Gecko) Version/13.0.5 Safari/605.1.15" "-" "makeyoufamous.me" "0.000"
8.38.148.51 - - [26/Apr/2020:08:24:04 -0500]  200 "GET /corona/js/main.js HTTP/1.1" 983 "-- https://makeyoufamous.me/corona/?clickid=80157667890" "Mozilla/5.0 (iPhone; CPU iPhone OS 13_3_1 like Mac OS X) AppleWebKit/605.1.15 (KHTML, like Gecko) Version/13.0.5 Mobile/15E148 Safari/604.1" "-" "makeyoufamous.me" "0.000"
96.227.219.146 - - [26/Apr/2020:08:26:07 -0500]  200 "GET /corona/js/main.js HTTP/1.1" 983 "-- https://makeyoufamous.me/corona/?clickid=80157707141" "Mozilla/5.0 (iPad; CPU OS 12_4_5 like Mac OS X) AppleWebKit/605.1.15 (KHTML, like Gecko) Version/12.1.2 Mobile/15E148 Safari/604.1" "-" "makeyoufamous.me" "0.000"
172.1.200.51 - - [26/Apr/2020:08:26:15 -0500]  200 "GET /corona/js/main.js HTTP/1.1" 983 "-- https://makeyoufamous.me/corona/?clickid=80157732280" "Mozilla/5.0 (iPhone; CPU iPhone OS 13_3_1 like Mac OS X) AppleWebKit/605.1.15 (KHTML, like Gecko) Version/13.0.5 Mobile/15E148 Safari/604.1" "-" "makeyoufamous.me" "0.000"
71.224.98.86 - - [26/Apr/2020:08:26:57 -0500]  200 "GET /corona/js/main.js HTTP/1.1" 983 "-- https://makeyoufamous.me/corona/?clickid=80157727541" "Mozilla/5.0 (Macintosh; Intel Mac OS X 10_15) AppleWebKit/605.1.15 (KHTML, like Gecko) Version/13.0.5 Safari/605.1.15" "-" "makeyoufamous.me" "0.000"
104.49.72.126 - - [26/Apr/2020:08:27:03 -0500]  200 "GET /corona/js/main.js HTTP/1.1" 983 "-- https://makeyoufamous.me/corona/?clickid=80157791801" "Mozilla/5.0 (Linux; Android 5.1.1; SM-T280 Build/LMY47V) AppleWebKit/537.36 (KHTML, like Gecko) Chrome/43.0.2357.93 Safari/537.36" "-" "makeyoufamous.me" "0.000"
69.251.241.39 - - [26/Apr/2020:08:27:13 -0500]  200 "GET /corona/js/main.js HTTP/1.1" 983 "-- https://makeyoufamous.me/corona/?clickid=80157728050" "Mozilla/5.0 (Macintosh; Intel Mac OS X 10_11_6) AppleWebKit/537.36 (KHTML, like Gecko) Chrome/81.0.4044.122 Safari/537.36" "-" "makeyoufamous.me" "0.000"
75.177.157.172 - - [26/Apr/2020:08:27:14 -0500]  200 "GET /corona/js/main.js HTTP/1.1" 983 "-- https://makeyoufamous.me/corona/?clickid=80157792186" "Mozilla/5.0 (Windows NT 10.0; Win64; x64; rv:75.0) Gecko/20100101 Firefox/75.0" "-" "makeyoufamous.me" "0.000"
107.77.245.43 - - [26/Apr/2020:08:27:19 -0500]  200 "GET /corona/js/main.js HTTP/1.1" 983 "-- https://makeyoufamous.me/corona/?clickid=80157756448" "Mozilla/5.0 (Android 7.0; Mobile; rv:68.0) Gecko/68.0 Firefox/68.0" "-" "makeyoufamous.me" "0.000"
47.39.192.141 - - [26/Apr/2020:08:27:21 -0500]  200 "GET /corona/js/main.js HTTP/1.1" 983 "-- https://makeyoufamous.me/corona/?clickid=80157728279" "Mozilla/5.0 (Windows NT 6.2; Win64; x64; rv:76.0) Gecko/20100101 Firefox/76.0" "-" "makeyoufamous.me" "0.000"
72.84.246.32 - - [26/Apr/2020:08:27:26 -0500]  200 "GET /corona/js/main.js HTTP/1.1" 983 "-- https://makeyoufamous.me/corona/?clickid=80157728417" "Mozilla/5.0 (iPhone; CPU iPhone OS 13_3_1 like Mac OS X) AppleWebKit/605.1.15 (KHTML, like Gecko) Version/13.0.5 Mobile/15E148 Safari/604.1" "-" "makeyoufamous.me" "0.000"
71.231.46.217 - - [26/Apr/2020:09:00:28 -0500]  200 "GET /corona/js/main.js HTTP/1.1" 983 "-- https://makeyoufamous.me/corona/?clickid=80158285261" "Mozilla/5.0 (Windows NT 10.0; Win64; x64; rv:75.0) Gecko/20100101 Firefox/75.0" "-" "makeyoufamous.me" "0.000"
70.91.59.241 - - [26/Apr/2020:09:00:30 -0500]  200 "GET /corona/js/main.js HTTP/1.1" 983 "-- https://makeyoufamous.me/corona/?clickid=80158302608" "Mozilla/5.0 (Windows NT 10.0; Win64; x64) AppleWebKit/537.36 (KHTML, like Gecko) Chrome/64.0.3282.140 Safari/537.36 Edge/18.17763" "-" "makeyoufamous.me" "0.000"
8.21.11.40 - - [26/Apr/2020:09:00:47 -0500]  200 "GET /corona/js/main.js HTTP/1.1" 983 "-- https://makeyoufamous.me/corona/?clickid=80158310814" "Mozilla/5.0 (Linux; Android 10; Nokia 7.2 Build/QKQ1.191014.001; wv) AppleWebKit/537.36 (KHTML, like Gecko) Version/4.0 Chrome/81.0.4044.117 Mobile Safari/537.36" "-" "makeyoufamous.me" "0.000"
172.89.175.204 - - [26/Apr/2020:10:00:14 -0500]  200 "GET /corona/js/main.js HTTP/1.1" 983 "-- https://makeyoufamous.me/corona/?clickid=80159227309" "Mozilla/5.0 (iPhone; CPU iPhone OS 13_3_1 like Mac OS X) AppleWebKit/605.1.15 (KHTML, like Gecko) Version/13.0.5 Mobile/15E148 Safari/604.1" "-" "makeyoufamous.me" "0.000"
50.238.238.146 - - [26/Apr/2020:10:00:22 -0500]  200 "GET /corona/js/main.js HTTP/1.1" 983 "-- https://makeyoufamous.me/corona/?clickid=80159237353" "Mozilla/5.0 (Macintosh; Intel Mac OS X 10_15_4) AppleWebKit/605.1.15 (KHTML, like Gecko) Version/13.1 Safari/605.1.15" "-" "makeyoufamous.me" "0.000"
73.91.231.219 - - [26/Apr/2020:10:00:26 -0500]  200 "GET /corona/js/main.js HTTP/1.1" 983 "-- https://makeyoufamous.me/corona/?clickid=80159266105" "Mozilla/5.0 (Macintosh; Intel Mac OS X 10_15) AppleWebKit/605.1.15 (KHTML, like Gecko) Version/13.0.4 Safari/605.1.15" "-" "makeyoufamous.me" "0.000"
73.16.207.112 - - [26/Apr/2020:10:00:27 -0500]  200 "GET /corona/js/main.js HTTP/1.1" 983 "-- https://makeyoufamous.me/corona/?clickid=80159218751" "Mozilla/5.0 (Macintosh; Intel Mac OS X 10_15) AppleWebKit/605.1.15 (KHTML, like Gecko) Version/13.0.5 Safari/605.1.15" "-" "makeyoufamous.me" "0.000"
174.221.5.11 - - [26/Apr/2020:10:00:39 -0500]  200 "GET /corona/js/main.js HTTP/1.1" 983 "-- https://makeyoufamous.me/corona/?clickid=80159292071" "Mozilla/5.0 (Linux; Android 9; SM-J337V Build/PPR1.180610.011; wv) AppleWebKit/537.36 (KHTML, like Gecko) Version/4.0 Chrome/77.0.3865.92 Mobile Safari/537.36" "-" "makeyoufamous.me" "0.000"
216.243.50.203 - - [26/Apr/2020:11:00:14 -0500]  200 "GET /corona/js/main.js HTTP/1.1" 983 "-- https://makeyoufamous.me/corona/?clickid=80160357284" "Mozilla/5.0 (Macintosh; Intel Mac OS X 10_15) AppleWebKit/605.1.15 (KHTML, like Gecko) Version/13.0.5 Safari/605.1.15" "-" "makeyoufamous.me" "0.000"
47.16.121.63 - - [26/Apr/2020:11:00:16 -0500]  200 "GET /corona/js/main.js HTTP/1.1" 983 "-- https://makeyoufamous.me/corona/?clickid=80160385886" "Mozilla/5.0 (iPad; CPU OS 13_3_1 like Mac OS X) AppleWebKit/605.1.15 (KHTML, like Gecko) Version/13.0.5 Mobile/15E148 Safari/604.1" "-" "makeyoufamous.me" "0.000"
38.142.65.20 - - [26/Apr/2020:11:00:22 -0500]  200 "GET /corona/js/main.js HTTP/1.1" 983 "-- https://makeyoufamous.me/corona/?clickid=80160367162" "Mozilla/5.0 (Linux; Android 10; SM-G960U Build/QP1A.190711.020; wv) AppleWebKit/537.36 (KHTML, like Gecko) Version/4.0 Chrome/81.0.4044.117 Mobile Safari/537.36" "-" "makeyoufamous.me" "0.000"
68.49.97.239 - - [26/Apr/2020:11:00:27 -0500]  200 "GET /corona/js/main.js HTTP/1.1" 983 "-- https://makeyoufamous.me/corona/?clickid=80160357695" "Mozilla/5.0 (Macintosh; Intel Mac OS X 10_15) AppleWebKit/605.1.15 (KHTML, like Gecko) Version/13.0.5 Safari/605.1.15" "-" "makeyoufamous.me" "0.000"
99.40.194.38 - - [26/Apr/2020:11:01:20 -0500]  200 "GET /corona/js/main.js HTTP/1.1" 983 "-- https://makeyoufamous.me/corona/?clickid=80160349450" "Mozilla/5.0 (Linux; Android 6.0.1; XT1609 Build/MPIS24.241-2.35-1-17; wv) AppleWebKit/537.36 (KHTML, like Gecko) Version/4.0 Chrome/50.0.2661.86 Mobile Safari/537.36" "-" "makeyoufamous.me" "0.000"
172.113.128.55 - - [26/Apr/2020:11:08:12 -0500]  200 "GET /corona/js/main.js HTTP/1.1" 983 "-- https://makeyoufamous.me/corona/?clickid=80160379357" "Mozilla/5.0 (Linux; Android 9; ONEPLUS A5010 Build/PKQ1.180716.001; wv) AppleWebKit/537.36 (KHTML, like Gecko) Version/4.0 Chrome/75.0.3770.101 Mobile Safari/537.36" "-" "makeyoufamous.me" "0.000"
71.83.128.194 - - [26/Apr/2020:12:00:13 -0500]  200 "GET /corona/js/main.js HTTP/1.1" 983 "-- https://makeyoufamous.me/corona/?clickid=80161379855" "Mozilla/5.0 (iPhone; CPU iPhone OS 13_4 like Mac OS X) AppleWebKit/605.1.15 (KHTML, like Gecko) Version/13.1 Mobile/15E148 Safari/604.1" "-" "makeyoufamous.me" "0.000"
184.196.135.63 - - [26/Apr/2020:12:00:18 -0500]  200 "GET /corona/js/main.js HTTP/1.1" 983 "-- https://makeyoufamous.me/corona/?clickid=80161424557" "Mozilla/5.0 (Linux; Android 9; SM-N950U) AppleWebKit/537.36 (KHTML, like Gecko) Chrome/80.0.3987.162 Mobile Safari/537.36" "-" "makeyoufamous.me" "0.000"
76.101.210.116 - - [26/Apr/2020:12:00:24 -0500]  200 "GET /corona/js/main.js HTTP/1.1" 983 "-- https://makeyoufamous.me/corona/?clickid=80161407109" "Mozilla/5.0 (iPhone; CPU iPhone OS 13_3_1 like Mac OS X) AppleWebKit/605.1.15 (KHTML, like Gecko) Version/13.0.5 Mobile/15E148 Safari/604.1" "-" "makeyoufamous.me" "0.000"
63.246.135.234 - - [26/Apr/2020:12:00:27 -0500]  200 "GET /corona/js/main.js HTTP/1.1" 983 "-- https://makeyoufamous.me/corona/?clickid=80161424874" "Mozilla/5.0 (Windows NT 10.0; Win64; x64) AppleWebKit/537.36 (KHTML, like Gecko) Chrome/81.0.4044.113 Safari/537.36" "-" "makeyoufamous.me" "0.000"
76.111.58.37 - - [26/Apr/2020:12:00:27 -0500]  200 "GET /corona/js/main.js HTTP/1.1" 983 "-- https://makeyoufamous.me/corona/?clickid=80161407197" "Mozilla/5.0 (Windows NT 10.0; Win64; x64; Xbox; Xbox One) AppleWebKit/537.36 (KHTML, like Gecko) Chrome/70.0.3538.102 Safari/537.36 Edge/18.19041" "-" "makeyoufamous.me" "0.000"
76.123.147.141 - - [26/Apr/2020:12:24:01 -0500]  200 "GET /corona/js/main.js HTTP/1.1" 983 "-- https://makeyoufamous.me/corona/?clickid=80157585877" "Mozilla/5.0 (iPhone; CPU iPhone OS 13_3 like Mac OS X) AppleWebKit/605.1.15 (KHTML, like Gecko) Version/13.0.4 Mobile/15E148 Safari/604.1" "-" "makeyoufamous.me" "0.000"
76.101.210.116 - - [26/Apr/2020:12:39:55 -0500]  304 "GET /corona/js/main.js HTTP/1.1" 0 "-- https://makeyoufamous.me/corona/?clickid=80161407109" "Mozilla/5.0 (iPhone; CPU iPhone OS 13_3_1 like Mac OS X) AppleWebKit/605.1.15 (KHTML, like Gecko) Version/13.0.5 Mobile/15E148 Safari/604.1" "-" "makeyoufamous.me" "0.000"
66.108.152.113 - - [26/Apr/2020:13:00:13 -0500]  200 "GET /corona/js/main.js HTTP/1.1" 983 "-- https://makeyoufamous.me/corona/?clickid=80162473660" "Mozilla/5.0 (iPhone; CPU iPhone OS 13_3 like Mac OS X) AppleWebKit/605.1.15 (KHTML, like Gecko) Version/13.0.4 Mobile/15E148 Safari/604.1" "-" "makeyoufamous.me" "0.000"
72.239.207.72 - - [26/Apr/2020:13:00:16 -0500]  200 "GET /corona/js/main.js HTTP/1.1" 983 "-- https://makeyoufamous.me/corona/?clickid=80162465400" "Mozilla/5.0 (Windows NT 10.0; Win64; x64; rv:75.0) Gecko/20100101 Firefox/75.0" "-" "makeyoufamous.me" "0.000"
69.23.234.11 - - [26/Apr/2020:13:00:18 -0500]  200 "GET /corona/js/main.js HTTP/1.1" 983 "-- https://makeyoufamous.me/corona/?clickid=80162492503" "Mozilla/5.0 (Windows NT 10.0; Win64; x64; Xbox; Xbox One) AppleWebKit/537.36 (KHTML, like Gecko) Chrome/70.0.3538.102 Safari/537.36 Edge/18.19041" "-" "makeyoufamous.me" "0.000"
73.131.177.223 - - [26/Apr/2020:13:00:19 -0500]  200 "GET /corona/js/main.js HTTP/1.1" 983 "-- https://makeyoufamous.me/corona/?clickid=80162521808" "Mozilla/5.0 (Windows NT 10.0; Win64; x64; rv:75.0) Gecko/20100101 Firefox/75.0" "-" "makeyoufamous.me" "0.000"
108.30.205.162 - - [26/Apr/2020:13:00:19 -0500]  200 "GET /corona/js/main.js HTTP/1.1" 983 "-- https://makeyoufamous.me/corona/?clickid=80162492534" "Mozilla/5.0 (Macintosh; Intel Mac OS X 10_15_4) AppleWebKit/605.1.15 (KHTML, like Gecko) Version/13.1 Safari/605.1.15" "-" "makeyoufamous.me" "0.000"
73.106.74.130 - - [26/Apr/2020:13:00:24 -0500]  200 "GET /corona/js/main.js HTTP/1.1" 983 "-- https://makeyoufamous.me/corona/?clickid=80162512452" "Mozilla/5.0 (Windows NT 10.0; Win64; x64) AppleWebKit/537.36 (KHTML, like Gecko) Chrome/70.0.3538.102 Safari/537.36 Edge/18.18362" "-" "makeyoufamous.me" "0.000"
162.237.13.129 - - [26/Apr/2020:13:00:25 -0500]  200 "GET /corona/js/main.js HTTP/1.1" 983 "-- https://makeyoufamous.me/corona/?clickid=80162457071" "Mozilla/5.0 (Macintosh; Intel Mac OS X 10_15) AppleWebKit/605.1.15 (KHTML, like Gecko) Version/13.0.4 Safari/605.1.15" "-" "makeyoufamous.me" "0.000"
70.231.46.183 - - [26/Apr/2020:13:21:37 -0500]  200 "GET /corona/js/main.js HTTP/1.1" 983 "-- https://makeyoufamous.me/corona/?clickid=80162522650" "Mozilla/5.0 (Linux; Android 10; SM-G970U Build/QP1A.190711.020; wv) AppleWebKit/537.36 (KHTML, like Gecko) Version/4.0 Chrome/81.0.4044.111 Mobile Safari/537.36" "-" "makeyoufamous.me" "0.000"
70.233.182.203 - - [26/Apr/2020:14:00:14 -0500]  200 "GET /corona/js/main.js HTTP/1.1" 983 "-- https://makeyoufamous.me/corona/?clickid=80163494195" "Mozilla/5.0 (Windows NT 10.0; Win64; x64; Xbox; Xbox One) AppleWebKit/537.36 (KHTML, like Gecko) Chrome/70.0.3538.102 Safari/537.36 Edge/18.19041" "-" "makeyoufamous.me" "0.000"
68.252.218.60 - - [26/Apr/2020:14:00:17 -0500]  200 "GET /corona/js/main.js HTTP/1.1" 983 "-- https://makeyoufamous.me/corona/?clickid=80163475452" "Mozilla/5.0 (Linux; Android 6.0; A466BG Build/MRA58K; wv) AppleWebKit/537.36 (KHTML, like Gecko) Version/4.0 Chrome/50.0.2661.86 Mobile Safari/537.36" "-" "makeyoufamous.me" "0.000"
75.64.136.19 - - [26/Apr/2020:14:00:17 -0500]  200 "GET /corona/js/main.js HTTP/1.1" 983 "-- https://makeyoufamous.me/corona/?clickid=80163475460" "Mozilla/5.0 (iPhone; CPU iPhone OS 13_4 like Mac OS X) AppleWebKit/605.1.15 (KHTML, like Gecko) Version/13.1 Mobile/15E148 Safari/604.1" "-" "makeyoufamous.me" "0.000"
67.0.68.190 - - [26/Apr/2020:14:00:18 -0500]  200 "GET /corona/js/main.js HTTP/1.1" 983 "-- https://makeyoufamous.me/corona/?clickid=80163439514" "Mozilla/5.0 (Linux; Android 7.1.1; SM-C710F) AppleWebKit/537.36 (KHTML, like Gecko) Chrome/81.0.4044.117 Mobile Safari/537.36" "-" "makeyoufamous.me" "0.000"
74.68.39.221 - - [26/Apr/2020:14:00:23 -0500]  200 "GET /corona/js/main.js HTTP/1.1" 983 "-- https://makeyoufamous.me/corona/?clickid=80163457192" "Mozilla/5.0 (Windows NT 6.3; Win64; x64; rv:75.0) Gecko/20100101 Firefox/75.0" "-" "makeyoufamous.me" "0.000"
205.175.210.5 - - [26/Apr/2020:14:00:27 -0500]  200 "GET /corona/js/main.js HTTP/1.1" 983 "-- https://makeyoufamous.me/corona/?clickid=80163475769" "Mozilla/5.0 (X11; CrOS x86_64 10895.78.0) AppleWebKit/537.36 (KHTML, like Gecko) Chrome/69.0.3497.120 Safari/537.36" "-" "makeyoufamous.me" "0.000"
174.238.8.123 - - [26/Apr/2020:14:00:30 -0500]  200 "GET /corona/js/main.js HTTP/1.1" 983 "-- https://makeyoufamous.me/corona/?clickid=80163448391" "Mozilla/5.0 (Linux; Android 8.0.0; moto e5 play Build/ODPS27.91-167-9-12; wv) AppleWebKit/537.36 (KHTML, like Gecko) Version/4.0 Chrome/79.0.3945.116 Mobile Safari/537.36" "-" "makeyoufamous.me" "0.000"
174.233.155.5 - - [26/Apr/2020:14:00:47 -0500]  200 "GET /corona/js/main.js HTTP/1.1" 983 "-- https://makeyoufamous.me/corona/?clickid=80163449030" "Mozilla/5.0 (Linux; Android 10; SM-G960U Build/QP1A.190711.020; wv) AppleWebKit/537.36 (KHTML, like Gecko) Version/4.0 Chrome/80.0.3987.149 Mobile Safari/537.36" "-" "makeyoufamous.me" "0.000"
174.111.238.198 - - [26/Apr/2020:15:00:13 -0500]  200 "GET /corona/js/main.js HTTP/1.1" 983 "-- https://makeyoufamous.me/corona/?clickid=80164492953" "Mozilla/5.0 (iPhone; CPU iPhone OS 13_3_1 like Mac OS X) AppleWebKit/605.1.15 (KHTML, like Gecko) Version/13.0.5 Mobile/15E148 Safari/604.1" "-" "makeyoufamous.me" "0.000"
24.236.75.125 - - [26/Apr/2020:15:00:15 -0500]  200 "GET /corona/js/main.js HTTP/1.1" 983 "-- https://makeyoufamous.me/corona/?clickid=80164510640" "Mozilla/5.0 (Macintosh; Intel Mac OS X 10_15_4) AppleWebKit/605.1.15 (KHTML, like Gecko) Version/13.1 Safari/605.1.15" "-" "makeyoufamous.me" "0.000"
73.49.156.247 - - [26/Apr/2020:15:00:17 -0500]  200 "GET /corona/js/main.js HTTP/1.1" 983 "-- https://makeyoufamous.me/corona/?clickid=80164467008" "Mozilla/5.0 (Macintosh; Intel Mac OS X 10_14_6) AppleWebKit/605.1.15 (KHTML, like Gecko) Version/13.0.3 Safari/605.1.15" "-" "makeyoufamous.me" "0.000"
74.197.114.219 - - [26/Apr/2020:15:00:19 -0500]  200 "GET /corona/js/main.js HTTP/1.1" 983 "-- https://makeyoufamous.me/corona/?clickid=80164510788" "Mozilla/5.0 (Windows NT 10.0; Win64; x64; Xbox; Xbox One) AppleWebKit/537.36 (KHTML, like Gecko) Chrome/70.0.3538.102 Safari/537.36 Edge/18.19041" "-" "makeyoufamous.me" "0.000"
172.58.60.173 - - [26/Apr/2020:15:00:39 -0500]  200 "GET /corona/js/main.js HTTP/1.1" 983 "-- https://makeyoufamous.me/corona/?clickid=80164493073" "Mozilla/5.0 (Linux; Android 9; LM-Q610(FGN) Build/PKQ1.190522.001; wv) AppleWebKit/537.36 (KHTML, like Gecko) Version/4.0 Chrome/81.0.4044.111 Mobile Safari/537.36" "-" "makeyoufamous.me" "0.000"
172.91.213.221 - - [26/Apr/2020:16:00:14 -0500]  200 "GET /corona/js/main.js HTTP/1.1" 983 "-- https://makeyoufamous.me/corona/?clickid=80165448853" "Mozilla/5.0 (iPhone; CPU iPhone OS 13_3_1 like Mac OS X) AppleWebKit/605.1.15 (KHTML, like Gecko) Version/13.0.5 Mobile/15E148 Safari/604.1" "-" "makeyoufamous.me" "0.000"
24.35.75.213 - - [26/Apr/2020:16:00:16 -0500]  200 "GET /corona/js/main.js HTTP/1.1" 983 "-- https://makeyoufamous.me/corona/?clickid=80165448942" "Mozilla/5.0 (Macintosh; Intel Mac OS X 10_15_4) AppleWebKit/605.1.15 (KHTML, like Gecko) Version/13.1 Safari/605.1.15" "-" "makeyoufamous.me" "0.000"
24.167.233.230 - - [26/Apr/2020:16:00:21 -0500]  200 "GET /corona/js/main.js HTTP/1.1" 983 "-- https://makeyoufamous.me/corona/?clickid=80165492915" "Mozilla/5.0 (iPhone; CPU iPhone OS 13_3_1 like Mac OS X) AppleWebKit/605.1.15 (KHTML, like Gecko) Version/13.0.5 Mobile/15E148 Safari/604.1" "-" "makeyoufamous.me" "0.000"
70.142.196.116 - - [26/Apr/2020:16:00:27 -0500]  200 "GET /corona/js/main.js HTTP/1.1" 983 "-- https://makeyoufamous.me/corona/?clickid=80165467022" "Mozilla/5.0 (Windows NT 10.0; Win64; x64; Xbox; Xbox One) AppleWebKit/537.36 (KHTML, like Gecko) Chrome/70.0.3538.102 Safari/537.36 Edge/18.19041" "-" "makeyoufamous.me" "0.000"
68.9.234.239 - - [26/Apr/2020:16:00:30 -0500]  200 "GET /corona/js/main.js HTTP/1.1" 983 "-- https://makeyoufamous.me/corona/?clickid=80165502006" "Mozilla/5.0 (iPhone; CPU iPhone OS 13_4 like Mac OS X) AppleWebKit/605.1.15 (KHTML, like Gecko) Version/13.1 Mobile/15E148 Safari/604.1" "-" "makeyoufamous.me" "0.000"
98.218.238.191 - - [26/Apr/2020:16:00:36 -0500]  200 "GET /corona/js/main.js HTTP/1.1" 983 "-- https://makeyoufamous.me/corona/?clickid=80165449569" "Mozilla/5.0 (Macintosh; Intel Mac OS X 10_15_4) AppleWebKit/537.36 (KHTML, like Gecko) Chrome/80.0.3987.163 Safari/537.36" "-" "makeyoufamous.me" "0.000"
76.203.133.244 - - [26/Apr/2020:16:00:37 -0500]  200 "GET /corona/js/main.js HTTP/1.1" 983 "-- https://makeyoufamous.me/corona/?clickid=80165493359" "Mozilla/5.0 (Macintosh; Intel Mac OS X 10_14_6) AppleWebKit/605.1.15 (KHTML, like Gecko) Version/13.1 Safari/605.1.15" "-" "makeyoufamous.me" "0.000"
73.90.205.127 - - [26/Apr/2020:16:02:51 -0500]  200 "GET /corona/js/main.js HTTP/1.1" 983 "-- https://makeyoufamous.me/corona/?clickid=80165439566" "Mozilla/5.0 (Linux; Android 10; SM-G975U Build/QP1A.190711.020; wv) AppleWebKit/537.36 (KHTML, like Gecko) Version/4.0 Chrome/81.0.4044.117 Mobile Safari/537.36" "-" "makeyoufamous.me" "0.000"
73.5.149.33 - - [26/Apr/2020:17:00:15 -0500]  200 "GET /corona/js/main.js HTTP/1.1" 983 "-- https://makeyoufamous.me/corona/?clickid=80166412266" "Mozilla/5.0 (iPhone; CPU iPhone OS 13_3_1 like Mac OS X) AppleWebKit/605.1.15 (KHTML, like Gecko) Version/13.0.5 Mobile/15E148 Safari/604.1" "-" "makeyoufamous.me" "0.000"
70.122.69.95 - - [26/Apr/2020:17:00:18 -0500]  200 "GET /corona/js/main.js HTTP/1.1" 983 "-- https://makeyoufamous.me/corona/?clickid=80166358262" "Mozilla/5.0 (Windows NT 5.1; rv:52.0) Gecko/20100101 Firefox/52.0" "-" "makeyoufamous.me" "0.000"
71.163.44.138 - - [26/Apr/2020:17:00:18 -0500]  200 "GET /corona/js/main.js HTTP/1.1" 983 "-- https://makeyoufamous.me/corona/?clickid=80166394966" "Mozilla/5.0 (Macintosh; Intel Mac OS X 10_15_4) AppleWebKit/605.1.15 (KHTML, like Gecko) Version/13.1 Safari/605.1.15" "-" "makeyoufamous.me" "0.000"
47.221.236.61 - - [26/Apr/2020:17:00:19 -0500]  200 "GET /corona/js/main.js HTTP/1.1" 983 "-- https://makeyoufamous.me/corona/?clickid=80166412379" "Mozilla/5.0 (Macintosh; Intel Mac OS X 10_15_4) AppleWebKit/605.1.15 (KHTML, like Gecko) Version/13.1 Safari/605.1.15" "-" "makeyoufamous.me" "0.000"
67.84.65.153 - - [26/Apr/2020:17:00:19 -0500]  200 "GET /corona/js/main.js HTTP/1.1" 983 "-- https://makeyoufamous.me/corona/?clickid=80166422018" "Mozilla/5.0 (iPhone; CPU iPhone OS 13_4_1 like Mac OS X) AppleWebKit/605.1.15 (KHTML, like Gecko) Version/13.1 Mobile/15E148 Safari/604.1" "-" "makeyoufamous.me" "0.000"
174.238.140.100 - - [26/Apr/2020:17:00:21 -0500]  200 "GET /corona/js/main.js HTTP/1.1" 983 "-- https://makeyoufamous.me/corona/?clickid=80166412297" "Mozilla/5.0 (Linux; Android 10; SM-G973U Build/QP1A.190711.020; wv) AppleWebKit/537.36 (KHTML, like Gecko) Version/4.0 Chrome/81.0.4044.117 Mobile Safari/537.36" "-" "makeyoufamous.me" "0.000"
71.194.171.226 - - [26/Apr/2020:17:00:25 -0500]  200 "GET /corona/js/main.js HTTP/1.1" 983 "-- https://makeyoufamous.me/corona/?clickid=80166395174" "Mozilla/5.0 (Macintosh; Intel Mac OS X 10_14_6) AppleWebKit/605.1.15 (KHTML, like Gecko) Version/13.1 Safari/605.1.15" "-" "makeyoufamous.me" "0.000"
24.175.176.40 - - [26/Apr/2020:17:00:26 -0500]  200 "GET /corona/js/main.js HTTP/1.1" 983 "-- https://makeyoufamous.me/corona/?clickid=80166431745" "Mozilla/5.0 (Windows NT 10.0; Win64; x64; Xbox; Xbox One) AppleWebKit/537.36 (KHTML, like Gecko) Chrome/70.0.3538.102 Safari/537.36 Edge/18.19041" "-" "makeyoufamous.me" "0.000"
99.37.20.191 - - [26/Apr/2020:17:00:28 -0500]  200 "GET /corona/js/main.js HTTP/1.1" 983 "-- https://makeyoufamous.me/corona/?clickid=80166412627" "Mozilla/5.0 (Windows NT 10.0; Win64; x64; Xbox; Xbox One) AppleWebKit/537.36 (KHTML, like Gecko) Chrome/70.0.3538.102 Safari/537.36 Edge/18.19041" "-" "makeyoufamous.me" "0.000"
70.122.162.174 - - [26/Apr/2020:17:00:32 -0500]  200 "GET /corona/js/main.js HTTP/1.1" 983 "-- https://makeyoufamous.me/corona/?clickid=80166431880" "Mozilla/5.0 (iPhone; CPU iPhone OS 13_3_1 like Mac OS X) AppleWebKit/605.1.15 (KHTML, like Gecko) Version/13.0.5 Mobile/15E148 Safari/604.1" "-" "makeyoufamous.me" "0.000"
12.44.91.29 - - [26/Apr/2020:17:00:34 -0500]  200 "GET /corona/js/main.js HTTP/1.1" 983 "-- https://makeyoufamous.me/corona/?clickid=80166395396" "Mozilla/5.0 (Macintosh; Intel Mac OS X 10_14_6) AppleWebKit/605.1.15 (KHTML, like Gecko) Version/13.0.5 Safari/605.1.15" "-" "makeyoufamous.me" "0.000"
98.195.125.153 - - [26/Apr/2020:17:00:36 -0500]  200 "GET /corona/js/main.js HTTP/1.1" 983 "-- https://makeyoufamous.me/corona/?clickid=80166422449" "Mozilla/5.0 (Linux; Android 7.0; AGS-W09 Build/HUAWEIAGS-W09; wv) AppleWebKit/537.36 (KHTML, like Gecko) Version/4.0 Chrome/81.0.4044.117 Safari/537.36" "-" "makeyoufamous.me" "0.000"
66.211.126.80 - - [26/Apr/2020:17:00:37 -0500]  200 "GET /corona/js/main.js HTTP/1.1" 983 "-- https://makeyoufamous.me/corona/?clickid=80166431732" "Mozilla/5.0 (Linux; Android 10; SM-G973U1 Build/QP1A.190711.020; wv) AppleWebKit/537.36 (KHTML, like Gecko) Version/4.0 Chrome/81.0.4044.117 Mobile Safari/537.36" "-" "makeyoufamous.me" "0.000"
174.193.195.223 - - [26/Apr/2020:17:00:38 -0500]  200 "GET /corona/js/main.js HTTP/1.1" 983 "-- https://makeyoufamous.me/corona/?clickid=80166432023" "Mozilla/5.0 (iPhone; CPU iPhone OS 13_3_1 like Mac OS X) AppleWebKit/605.1.15 (KHTML, like Gecko) Version/13.0.5 Mobile/15E148 Safari/604.1" "-" "makeyoufamous.me" "0.000"
71.175.61.185 - - [26/Apr/2020:17:01:53 -0500]  200 "GET /corona/js/main.js HTTP/1.1" 983 "-- https://makeyoufamous.me/corona/?clickid=80166388125" "Mozilla/5.0 (Linux; Android 10; SM-G960U Build/QP1A.190711.020; wv) AppleWebKit/537.36 (KHTML, like Gecko) Version/4.0 Chrome/81.0.4044.111 Mobile Safari/537.36" "-" "makeyoufamous.me" "0.000"
174.241.7.11 - - [26/Apr/2020:17:04:27 -0500]  200 "GET /corona/js/main.js HTTP/1.1" 983 "-- https://makeyoufamous.me/corona/?clickid=80166444615" "Mozilla/5.0 (Linux; Android 10; Pixel 3 Build/QQ2A.200405.005; wv) AppleWebKit/537.36 (KHTML, like Gecko) Version/4.0 Chrome/74.0.3729.186 Mobile Safari/537.36" "-" "makeyoufamous.me" "0.000"
107.223.136.115 - - [26/Apr/2020:18:00:14 -0500]  200 "GET /corona/js/main.js HTTP/1.1" 983 "-- https://makeyoufamous.me/corona/?clickid=80167230879" "Mozilla/5.0 (Windows NT 10.0; Win64; x64) AppleWebKit/537.36 (KHTML, like Gecko) Chrome/81.0.4044.122 Safari/537.36" "-" "makeyoufamous.me" "0.000"
75.81.153.110 - - [26/Apr/2020:18:00:17 -0500]  200 "GET /corona/js/main.js HTTP/1.1" 983 "-- https://makeyoufamous.me/corona/?clickid=80167168503" "Mozilla/5.0 (Linux; Android 9; SM-T860) AppleWebKit/537.36 (KHTML, like Gecko) Chrome/81.0.4044.117 Safari/537.36" "-" "makeyoufamous.me" "0.000"
70.122.50.46 - - [26/Apr/2020:18:00:18 -0500]  200 "GET /corona/js/main.js HTTP/1.1" 983 "-- https://makeyoufamous.me/corona/?clickid=80167230989" "Mozilla/5.0 (Windows NT 10.0; Win64; x64; rv:75.0) Gecko/20100101 Firefox/75.0" "-" "makeyoufamous.me" "0.000"
67.173.82.104 - - [26/Apr/2020:18:00:18 -0500]  200 "GET /corona/js/main.js HTTP/1.1" 983 "-- https://makeyoufamous.me/corona/?clickid=80167222181" "Mozilla/5.0 (Macintosh; Intel Mac OS X 10_14_6) AppleWebKit/605.1.15 (KHTML, like Gecko) Version/13.1 Safari/605.1.15" "-" "makeyoufamous.me" "0.000"
76.172.49.185 - - [26/Apr/2020:18:00:20 -0500]  200 "GET /corona/js/main.js HTTP/1.1" 983 "-- https://makeyoufamous.me/corona/?clickid=80167176949" "Mozilla/5.0 (Linux; Android 5.1; Nitro_4 Build/LMY47D; wv) AppleWebKit/537.36 (KHTML, like Gecko) Version/4.0 Chrome/50.0.2661.86 Mobile Safari/537.36" "-" "makeyoufamous.me" "0.000"
47.219.15.46 - - [26/Apr/2020:18:00:20 -0500]  200 "GET /corona/js/main.js HTTP/1.1" 983 "-- https://makeyoufamous.me/corona/?clickid=80167222238" "Mozilla/5.0 (Windows NT 10.0; Win64; x64; rv:75.0) Gecko/20100101 Firefox/75.0" "-" "makeyoufamous.me" "0.000"
73.145.187.27 - - [26/Apr/2020:18:00:21 -0500]  200 "GET /corona/js/main.js HTTP/1.1" 983 "-- https://makeyoufamous.me/corona/?clickid=80167222245" "Mozilla/5.0 (iPad; CPU OS 13_3_1 like Mac OS X) AppleWebKit/605.1.15 (KHTML, like Gecko) Version/13.0.5 Mobile/15E148 Safari/604.1" "-" "makeyoufamous.me" "0.000"
96.96.33.133 - - [26/Apr/2020:18:00:24 -0500]  200 "GET /corona/js/main.js HTTP/1.1" 983 "-- https://makeyoufamous.me/corona/?clickid=80167177023" "Mozilla/5.0 (Linux; Android 4.4.3; KFTHWI Build/KTU84M) AppleWebKit/537.36 (KHTML, like Gecko) Silk/47.1.79 like Chrome/47.0.2526.80 Safari/537.36" "-" "makeyoufamous.me" "0.000"
184.62.201.135 - - [26/Apr/2020:18:02:35 -0500]  200 "GET /corona/js/main.js HTTP/1.1" 983 "-- https://makeyoufamous.me/corona/?clickid=80167215064" "Mozilla/5.0 (Linux; Android 9; SM-G892A Build/PPR1.180610.011; wv) AppleWebKit/537.36 (KHTML, like Gecko) Version/4.0 Chrome/80.0.3987.162 Mobile Safari/537.36" "-" "makeyoufamous.me" "0.000"
73.184.3.82 - - [26/Apr/2020:19:00:15 -0500]  200 "GET /corona/js/main.js HTTP/1.1" 983 "-- https://makeyoufamous.me/corona/?clickid=80167867971" "Mozilla/5.0 (iPhone; CPU iPhone OS 13_3_1 like Mac OS X) AppleWebKit/605.1.15 (KHTML, like Gecko) Version/13.0.5 Mobile/15E148 Safari/604.1" "-" "makeyoufamous.me" "0.000"
174.100.135.148 - - [26/Apr/2020:19:00:15 -0500]  200 "GET /corona/js/main.js HTTP/1.1" 983 "-- https://makeyoufamous.me/corona/?clickid=80167904615" "Mozilla/5.0 (X11; Linux x86_64) AppleWebKit/537.36 (KHTML, like Gecko) Chrome/80.0.3987.116 Safari/537.36" "-" "makeyoufamous.me" "0.000"
70.113.41.103 - - [26/Apr/2020:19:00:18 -0500]  200 "GET /corona/js/main.js HTTP/1.1" 983 "-- https://makeyoufamous.me/corona/?clickid=80167941108" "Mozilla/5.0 (Macintosh; Intel Mac OS X 10_15_3) AppleWebKit/537.36 (KHTML, like Gecko) Chrome/80.0.3987.122 Safari/537.36" "-" "makeyoufamous.me" "0.000"
68.227.69.105 - - [26/Apr/2020:19:00:21 -0500]  200 "GET /corona/js/main.js HTTP/1.1" 983 "-- https://makeyoufamous.me/corona/?clickid=80167933890" "Mozilla/5.0 (Macintosh; Intel Mac OS X 10_15_2) AppleWebKit/605.1.15 (KHTML, like Gecko) Version/13.0.4 Safari/605.1.15" "-" "makeyoufamous.me" "0.000"
45.31.213.41 - - [26/Apr/2020:19:00:23 -0500]  200 "GET /corona/js/main.js HTTP/1.1" 983 "-- https://makeyoufamous.me/corona/?clickid=80167941191" "Mozilla/5.0 (Windows NT 10.0; Win64; x64; rv:75.0) Gecko/20100101 Firefox/75.0" "-" "makeyoufamous.me" "0.000"
74.108.127.14 - - [26/Apr/2020:19:00:23 -0500]  200 "GET /corona/js/main.js HTTP/1.1" 983 "-- https://makeyoufamous.me/corona/?clickid=80167849697" "Mozilla/5.0 (iPhone; CPU iPhone OS 13_3_1 like Mac OS X) AppleWebKit/605.1.15 (KHTML, like Gecko) Version/13.0.5 Mobile/15E148 Safari/604.1" "-" "makeyoufamous.me" "0.000"
65.191.250.19 - - [26/Apr/2020:20:00:15 -0500]  200 "GET /corona/js/main.js HTTP/1.1" 983 "-- https://makeyoufamous.me/corona/?clickid=80168567835" "Mozilla/5.0 (Macintosh; Intel Mac OS X 10_14_6) AppleWebKit/537.36 (KHTML, like Gecko) Chrome/80.0.3987.163 Safari/537.36" "-" "makeyoufamous.me" "0.000"
74.131.197.187 - - [26/Apr/2020:20:00:18 -0500]  200 "GET /corona/js/main.js HTTP/1.1" 983 "-- https://makeyoufamous.me/corona/?clickid=80168567923" "Mozilla/5.0 (Windows NT 10.0; Win64; x64) AppleWebKit/537.36 (KHTML, like Gecko) Chrome/81.0.4044.122 Safari/537.36" "-" "makeyoufamous.me" "0.000"
205.120.29.19 - - [26/Apr/2020:20:00:19 -0500]  200 "GET /corona/js/main.js HTTP/1.1" 983 "-- https://makeyoufamous.me/corona/?clickid=80168630319" "Mozilla/5.0 (Macintosh; Intel Mac OS X 10_15) AppleWebKit/605.1.15 (KHTML, like Gecko) Version/13.0.5 Safari/605.1.15" "-" "makeyoufamous.me" "0.000"
172.56.44.131 - - [26/Apr/2020:20:00:20 -0500]  200 "GET /corona/js/main.js HTTP/1.1" 983 "-- https://makeyoufamous.me/corona/?clickid=80168595256" "Mozilla/5.0 (iPhone; CPU iPhone OS 13_3_1 like Mac OS X) AppleWebKit/605.1.15 (KHTML, like Gecko) Version/13.0.5 Mobile/15E148 Safari/604.1" "-" "makeyoufamous.me" "0.000"
74.134.47.223 - - [26/Apr/2020:20:00:21 -0500]  200 "GET /corona/js/main.js HTTP/1.1" 983 "-- https://makeyoufamous.me/corona/?clickid=80168567965" "Mozilla/5.0 (Macintosh; Intel Mac OS X 10_15) AppleWebKit/605.1.15 (KHTML, like Gecko) Version/13.0.5 Safari/605.1.15" "-" "makeyoufamous.me" "0.000"
73.42.210.110 - - [26/Apr/2020:20:00:21 -0500]  200 "GET /corona/js/main.js HTTP/1.1" 983 "-- https://makeyoufamous.me/corona/?clickid=80168567974" "Mozilla/5.0 (X11; CrOS x86_64 12739.111.0) AppleWebKit/537.36 (KHTML, like Gecko) Chrome/80.0.3987.162 Safari/537.36" "-" "makeyoufamous.me" "0.000"
68.203.86.23 - - [26/Apr/2020:20:00:22 -0500]  200 "GET /corona/js/main.js HTTP/1.1" 983 "-- https://makeyoufamous.me/corona/?clickid=80168559706" "Mozilla/5.0 (iPhone; CPU iPhone OS 13_3_1 like Mac OS X) AppleWebKit/605.1.15 (KHTML, like Gecko) Version/13.0.5 Mobile/15E148 Safari/604.1" "-" "makeyoufamous.me" "0.000"
67.85.26.172 - - [26/Apr/2020:20:00:22 -0500]  200 "GET /corona/js/main.js HTTP/1.1" 983 "-- https://makeyoufamous.me/corona/?clickid=80168605277" "Mozilla/5.0 (Windows NT 10.0; Win64; x64) AppleWebKit/537.36 (KHTML, like Gecko) Chrome/66.0.3359.181 Safari/537.36" "-" "makeyoufamous.me" "0.000"
174.63.75.203 - - [26/Apr/2020:20:00:23 -0500]  200 "GET /corona/js/main.js HTTP/1.1" 983 "-- https://makeyoufamous.me/corona/?clickid=80168595359" "Mozilla/5.0 (Windows NT 10.0; Win64; x64; rv:75.0) Gecko/20100101 Firefox/75.0" "-" "makeyoufamous.me" "0.000"
104.223.94.218 - - [26/Apr/2020:20:00:24 -0500]  200 "GET /corona/js/main.js HTTP/1.1" 983 "-- https://makeyoufamous.me/corona/?clickid=80168630428" "Mozilla/5.0 (Windows NT 6.1; rv:75.0) Gecko/20100101 Firefox/75.0" "-" "makeyoufamous.me" "0.000"
174.196.141.147 - - [26/Apr/2020:20:01:13 -0500]  200 "GET /corona/js/main.js HTTP/1.1" 983 "-- https://makeyoufamous.me/corona/?clickid=80168587222" "Mozilla/5.0 (Linux; Android 10; SM-G975U Build/QP1A.190711.020; wv) AppleWebKit/537.36 (KHTML, like Gecko) Version/4.0 Chrome/80.0.3987.99 Mobile Safari/537.36" "-" "makeyoufamous.me" "0.000"
24.42.179.138 - - [26/Apr/2020:21:00:17 -0500]  200 "GET /corona/js/main.js HTTP/1.1" 983 "-- https://makeyoufamous.me/corona/?clickid=80169285528" "Mozilla/5.0 (X11; CrOS x86_64 12871.67.0) AppleWebKit/537.36 (KHTML, like Gecko) Chrome/81.0.4044.94 Safari/537.36" "-" "makeyoufamous.me" "0.000"
75.184.41.181 - - [26/Apr/2020:21:00:18 -0500]  200 "GET /corona/js/main.js HTTP/1.1" 983 "-- https://makeyoufamous.me/corona/?clickid=80169321259" "Mozilla/5.0 (Windows NT 10.0; Win64; x64; Xbox; Xbox One) AppleWebKit/537.36 (KHTML, like Gecko) Chrome/70.0.3538.102 Safari/537.36 Edge/18.19041" "-" "makeyoufamous.me" "0.000"
71.207.127.79 - - [26/Apr/2020:21:00:18 -0500]  200 "GET /corona/js/main.js HTTP/1.1" 983 "-- https://makeyoufamous.me/corona/?clickid=80169268324" "Mozilla/5.0 (Windows NT 10.0; Win64; x64) AppleWebKit/537.36 (KHTML, like Gecko) Chrome/64.0.3282.140 Safari/537.36 Edge/18.17763" "-" "makeyoufamous.me" "0.000"
69.132.150.166 - - [26/Apr/2020:21:00:20 -0500]  200 "GET /corona/js/main.js HTTP/1.1" 983 "-- https://makeyoufamous.me/corona/?clickid=80169249581" "Mozilla/5.0 (Linux; Android 9; Mi A1) AppleWebKit/537.36 (KHTML, like Gecko) Chrome/81.0.4044.117 Mobile Safari/537.36" "-" "makeyoufamous.me" "0.000"
71.202.162.65 - - [26/Apr/2020:21:00:20 -0500]  200 "GET /corona/js/main.js HTTP/1.1" 983 "-- https://makeyoufamous.me/corona/?clickid=80169249576" "Mozilla/5.0 (Linux; Android 10; SAMSUNG SM-G9600) AppleWebKit/537.36 (KHTML, like Gecko) SamsungBrowser/11.1 Chrome/75.0.3770.143 Mobile Safari/537.36" "-" "makeyoufamous.me" "0.000"
172.126.152.160 - - [26/Apr/2020:21:00:25 -0500]  200 "GET /corona/js/main.js HTTP/1.1" 983 "-- https://makeyoufamous.me/corona/?clickid=80169285675" "Mozilla/5.0 (Macintosh; Intel Mac OS X 10_15) AppleWebKit/605.1.15 (KHTML, like Gecko) Version/13.0.5 Safari/605.1.15" "-" "makeyoufamous.me" "0.000"
24.44.214.217 - - [26/Apr/2020:22:00:16 -0500]  200 "GET /corona/js/main.js HTTP/1.1" 983 "-- https://makeyoufamous.me/corona/?clickid=80170005708" "Mozilla/5.0 (Windows NT 10.0; Win64; x64) AppleWebKit/537.36 (KHTML, like Gecko) Chrome/70.0.3538.102 Safari/537.36 Edge/18.18363" "-" "makeyoufamous.me" "0.000"
173.3.81.248 - - [26/Apr/2020:22:00:16 -0500]  200 "GET /corona/js/main.js HTTP/1.1" 983 "-- https://makeyoufamous.me/corona/?clickid=80170033616" "Mozilla/5.0 (Macintosh; Intel Mac OS X 10_13_6) AppleWebKit/537.36 (KHTML, like Gecko) Chrome/80.0.3987.163 Safari/537.36" "-" "makeyoufamous.me" "0.000"
50.54.74.147 - - [26/Apr/2020:22:00:18 -0500]  200 "GET /corona/js/main.js HTTP/1.1" 983 "-- https://makeyoufamous.me/corona/?clickid=80170005765" "Mozilla/5.0 (Windows NT 10.0; Win64; x64) AppleWebKit/537.36 (KHTML, like Gecko) Chrome/81.0.4044.122 Safari/537.36" "-" "makeyoufamous.me" "0.000"
108.230.47.241 - - [26/Apr/2020:22:00:19 -0500]  200 "GET /corona/js/main.js HTTP/1.1" 983 "-- https://makeyoufamous.me/corona/?clickid=80170005758" "Mozilla/5.0 (iPhone; CPU iPhone OS 13_3_1 like Mac OS X) AppleWebKit/605.1.15 (KHTML, like Gecko) Version/13.0.5 Mobile/15E148 Safari/604.1" "-" "makeyoufamous.me" "0.000"
98.5.150.119 - - [26/Apr/2020:22:00:20 -0500]  200 "GET /corona/js/main.js HTTP/1.1" 983 "-- https://makeyoufamous.me/corona/?clickid=80170060127" "Mozilla/5.0 (Windows NT 10.0; Win64; x64) AppleWebKit/537.36 (KHTML, like Gecko) Chrome/80.0.3987.163 Safari/537.36" "-" "makeyoufamous.me" "0.000"
70.190.11.99 - - [26/Apr/2020:22:00:21 -0500]  200 "GET /corona/js/main.js HTTP/1.1" 983 "-- https://makeyoufamous.me/corona/?clickid=80169979402" "Mozilla/5.0 (Macintosh; Intel Mac OS X 10_15) AppleWebKit/605.1.15 (KHTML, like Gecko) Version/13.0.5 Safari/605.1.15" "-" "makeyoufamous.me" "0.000"
73.72.158.69 - - [26/Apr/2020:22:00:21 -0500]  200 "GET /corona/js/main.js HTTP/1.1" 983 "-- https://makeyoufamous.me/corona/?clickid=80169996455" "Mozilla/5.0 (Macintosh; Intel Mac OS X 10_14_6) AppleWebKit/537.36 (KHTML, like Gecko) Chrome/81.0.4044.122 Safari/537.36" "-" "makeyoufamous.me" "0.000"
72.176.165.62 - - [26/Apr/2020:22:00:21 -0500]  200 "GET /corona/js/main.js HTTP/1.1" 983 "-- https://makeyoufamous.me/corona/?clickid=80170060151" "Mozilla/5.0 (X11; CrOS x86_64 13020.16.0) AppleWebKit/537.36 (KHTML, like Gecko) Chrome/83.0.4103.15 Safari/537.36" "-" "makeyoufamous.me" "0.000"
71.53.248.125 - - [26/Apr/2020:22:00:24 -0500]  200 "GET /corona/js/main.js HTTP/1.1" 983 "-- https://makeyoufamous.me/corona/?clickid=80170024291" "Mozilla/5.0 (Macintosh; Intel Mac OS X 10_14_6) AppleWebKit/537.36 (KHTML, like Gecko) Chrome/80.0.3987.149 Safari/537.36" "-" "makeyoufamous.me" "0.000"
174.22.110.3 - - [26/Apr/2020:22:00:24 -0500]  200 "GET /corona/js/main.js HTTP/1.1" 983 "-- https://makeyoufamous.me/corona/?clickid=80170042670" "Mozilla/5.0 (iPad; CPU OS 13_3 like Mac OS X) AppleWebKit/605.1.15 (KHTML, like Gecko) CriOS/80.0.3987.95 Mobile/15E148 Safari/604.1" "-" "makeyoufamous.me" "0.000"
98.6.252.93 - - [26/Apr/2020:22:00:25 -0500]  200 "GET /corona/js/main.js HTTP/1.1" 983 "-- https://makeyoufamous.me/corona/?clickid=80170015804" "Mozilla/5.0 (Windows NT 10.0; Win64; x64; Xbox; Xbox One) AppleWebKit/537.36 (KHTML, like Gecko) Chrome/70.0.3538.102 Safari/537.36 Edge/18.19041" "-" "makeyoufamous.me" "0.000"
24.4.190.96 - - [26/Apr/2020:22:00:28 -0500]  200 "GET /corona/js/main.js HTTP/1.1" 983 "-- https://makeyoufamous.me/corona/?clickid=80170060291" "Mozilla/5.0 (Macintosh; Intel Mac OS X 10_15_3) AppleWebKit/537.36 (KHTML, like Gecko) Chrome/81.0.4044.122 Safari/537.36" "-" "makeyoufamous.me" "0.000"
89.187.164.137 - - [26/Apr/2020:22:00:31 -0500]  200 "GET /corona/js/main.js HTTP/1.1" 983 "-- https://makeyoufamous.me/corona/?clickid=80170024456" "Mozilla/5.0 (Windows NT 6.1; Win64; x64; rv:75.0) Gecko/20100101 Firefox/75.0" "-" "makeyoufamous.me" "0.000"
174.223.11.63 - - [26/Apr/2020:22:00:37 -0500]  200 "GET /corona/js/main.js HTTP/1.1" 983 "-- https://makeyoufamous.me/corona/?clickid=80170060385" "Mozilla/5.0 (Linux; Android 10; Pixel 3 Build/QQ2A.200405.005; wv) AppleWebKit/537.36 (KHTML, like Gecko) Version/4.0 Chrome/79.0.3945.116 Mobile Safari/537.36" "-" "makeyoufamous.me" "0.000"
98.234.137.219 - - [26/Apr/2020:23:00:15 -0500]  200 "GET /corona/js/main.js HTTP/1.1" 983 "-- https://makeyoufamous.me/corona/?clickid=80170831408" "Mozilla/5.0 (Macintosh; Intel Mac OS X 10_11_6) AppleWebKit/537.36 (KHTML, like Gecko) Chrome/78.0.3904.70 Safari/537.36" "-" "makeyoufamous.me" "0.000"
98.237.232.154 - - [26/Apr/2020:23:00:19 -0500]  200 "GET /corona/js/main.js HTTP/1.1" 983 "-- https://makeyoufamous.me/corona/?clickid=80170822559" "Mozilla/5.0 (Windows NT 10.0; Win64; x64) AppleWebKit/537.36 (KHTML, like Gecko) Chrome/70.0.3538.102 Safari/537.36 Edge/18.18363" "-" "makeyoufamous.me" "0.000"
96.42.207.1 - - [26/Apr/2020:23:00:23 -0500]  200 "GET /corona/js/main.js HTTP/1.1" 983 "-- https://makeyoufamous.me/corona/?clickid=80170822620" "Mozilla/5.0 (Macintosh; Intel Mac OS X 10_15) AppleWebKit/605.1.15 (KHTML, like Gecko) Version/13.0.5 Safari/605.1.15" "-" "makeyoufamous.me" "0.000"
99.167.212.95 - - [26/Apr/2020:23:00:23 -0500]  200 "GET /corona/js/main.js HTTP/1.1" 983 "-- https://makeyoufamous.me/corona/?clickid=80170776967" "Mozilla/5.0 (Macintosh; Intel Mac OS X 10_15) AppleWebKit/605.1.15 (KHTML, like Gecko) Version/13.0.5 Safari/605.1.15" "-" "makeyoufamous.me" "0.000"
107.184.240.148 - - [26/Apr/2020:23:00:24 -0500]  200 "GET /corona/js/main.js HTTP/1.1" 983 "-- https://makeyoufamous.me/corona/?clickid=80170831578" "Mozilla/5.0 (Macintosh; Intel Mac OS X 10_13_6) AppleWebKit/537.36 (KHTML, like Gecko) Chrome/81.0.4044.122 Safari/537.36" "-" "makeyoufamous.me" "0.000"